feature,fscore
nna,9.43859530105e-05
district_id1,0.00573394664539
eval,0.016903934272
students_holiday,0.0227543885781
eval2,0.0280827705817
eval3,0.030496986286
month,0.0340851272809
month_rain,0.0414575550794
special_holiday,0.048939116636
district_id2,0.0619393068827
month_temperature,0.068934190869
base_month,0.088820131344
lon,0.0891416334964
maxstock,0.0912372966093
voters,0.0996302725247
lat,0.106380342945
product_id,0.165368614016
